Experiment	Run	ReleaseDate	LoadDate	spots	bases	spots_with_mates	avgLength	size_MB	AssemblyName	download_path	LibraryName	LibraryStrategy	LibrarySelection	LibrarySource	LibraryLayout	InsertSize	InsertDev	Platform	Model	SRAStudy	BioProject	Study_Pubmed_id	ProjectID	Sample	BioSample	SampleType	TaxID	ScientificName	SampleName	g1k_pop_code	source	g1k_analysis_group	Subject_ID	Sex	Disease	Tumor	Affection_Status	Analyte_Type	Histological_Type	Body_Site	CenterName	Submission	dbgap_study_accession	Consent	RunHash	ReadHash	R1	R2
DRX206158	DRR215823	2021-11-26 06:53:54	2021-11-24 14:10:18	5091394	677277407	5091394	133	272		https://sra-downloadb.be-md.ncbi.nlm.nih.gov/sos4/sra-pub-zq-1/DRR000/215/DRR215823/DRR215823.lite.1	7120_24h_1	RNA-Seq	cDNA	TRANSCRIPTOMIC	PAIRED	300	50	ILLUMINA	Illumina MiSeq	DRP007907	PRJDB9455	1.0	783548	DRS210408	SAMD00210360	simple	103690	Nostoc sp. PCC 7120 = FACHB-418	SAMD00210360							no					TUAGRI	DRA009814		public	05BA823A75E704615AC59E7D893CC1AC	BFF7AF40478D8F19213F5FCBB18B6E28		
DRX206159	DRR215824	2021-11-26 06:53:55	2021-11-24 14:10:20	5187484	764370761	5187484	147	289		https://sra-downloadb.be-md.ncbi.nlm.nih.gov/sos4/sra-pub-zq-1/DRR000/215/DRR215824/DRR215824.lite.1	devH_24h_1	RNA-Seq	cDNA	TRANSCRIPTOMIC	PAIRED	300	50	ILLUMINA	Illumina MiSeq	DRP007907	PRJDB9455	1.0	783548	DRS210409	SAMD00210361	simple	103690	Nostoc sp. PCC 7120 = FACHB-418	SAMD00210361							no					TUAGRI	DRA009814		public	B5B36C81459CCB47C3CC7BDEF78C0386	E76541F1E1B2CD77401304326D57985D		
DRX206160	DRR215825	2021-11-26 06:53:55	2021-11-24 14:09:46	3804823	760964600	3804823	200	404		https://sra-downloadb.be-md.ncbi.nlm.nih.gov/sos4/sra-pub-zq-1/DRR000/215/DRR215825/DRR215825.lite.1	7120_24h_2	RNA-Seq	cDNA	TRANSCRIPTOMIC	PAIRED	300	50	ILLUMINA	Illumina MiSeq	DRP007907	PRJDB9455	1.0	783548	DRS210410	SAMD00210362	simple	103690	Nostoc sp. PCC 7120 = FACHB-418	SAMD00210362							no					TUAGRI	DRA009814		public	2D2276070C9DF16009E1DF708385F197	2B8E1980F257D3871389850CAAC8EA69		
DRX206161	DRR215826	2021-11-26 06:53:55	2021-11-24 14:10:23	4156702	831340400	4156702	200	444		https://sra-downloadb.be-md.ncbi.nlm.nih.gov/sos4/sra-pub-zq-1/DRR000/215/DRR215826/DRR215826.lite.1	devH_24h_2	RNA-Seq	cDNA	TRANSCRIPTOMIC	PAIRED	300	50	ILLUMINA	Illumina MiSeq	DRP007907	PRJDB9455	1.0	783548	DRS210411	SAMD00210363	simple	103690	Nostoc sp. PCC 7120 = FACHB-418	SAMD00210363							no					TUAGRI	DRA009814		public	60A6E86EFD06E1B815E3C9C06A41FCA4	BF65424D9436E83EB181DBFB6DE4440F		
ERX2354338	ERR2303002	2018-02-20 08:58:37	2022-07-30 20:23:18	147604640	36901160000	147604640	250	8836		https://sra-downloadb.be-md.ncbi.nlm.nih.gov/sos2/sra-pub-zq-20/ERR002/2303/ERR2303002/ERR2303002.lite.2	Sample 1_p	RNA-Seq	RANDOM	TRANSCRIPTOMIC	PAIRED	350	50	ILLUMINA	Illumina HiSeq 2500	ERP106828	PRJEB24960		435251	ERS2201137	SAMEA104589855	simple	103690	Nostoc sp. PCC 7120 = FACHB-418	SAMEA104589855							no					Institute of Hydrobiology, Chinese Academy of Sciences	ERA1209630		public	11C5B97A8A120F441CBF04BD7F97E1C8	F937F93A77E66F01F84701923CE8D8D2		
ERX2354339	ERR2303003	2018-02-20 08:58:37	2022-07-15 17:04:37	89156043	22289010750	89156043	250	7746		https://sra-downloadb.be-md.ncbi.nlm.nih.gov/sos3/sra-pub-zq-24/ERR002/2303/ERR2303003/ERR2303003.lite.2	Sample 2_p	RNA-Seq	RANDOM	TRANSCRIPTOMIC	PAIRED	350	50	ILLUMINA	Illumina HiSeq 2500	ERP106828	PRJEB24960		435251	ERS2201138	SAMEA104589856	simple	103690	Nostoc sp. PCC 7120 = FACHB-418	SAMEA104589856							no					Institute of Hydrobiology, Chinese Academy of Sciences	ERA1209630		public	AF08A1C2A28A82A3DF415A860DB2D6B9	D17279099C5562940DECADE7EAE83345		
ERX2354340	ERR2303004	2018-02-20 08:58:38	2022-07-30 20:10:14	105901050	26475262500	105901050	250	8818		https://sra-downloadb.be-md.ncbi.nlm.nih.gov/sos2/sra-pub-zq-18/ERR002/2303/ERR2303004/ERR2303004.lite.2	Sample 3_p	RNA-Seq	RANDOM	TRANSCRIPTOMIC	PAIRED	350	50	ILLUMINA	Illumina HiSeq 2500	ERP106828	PRJEB24960		435251	ERS2201139	SAMEA104589857	simple	103690	Nostoc sp. PCC 7120 = FACHB-418	SAMEA104589857							no					Institute of Hydrobiology, Chinese Academy of Sciences	ERA1209630		public	8287D93CEFE4AE7109941EA55DD9C0D7	754C90A971BBB885064D7E0C8EF724CD		
ERX2354341	ERR2303005	2018-02-20 08:58:38	2022-07-30 06:56:48	101678590	25419647500	101678590	250	9226		https://sra-downloadb.be-md.ncbi.nlm.nih.gov/sos1/sra-pub-zq-38/ERR002/2303/ERR2303005/ERR2303005.lite.2	Sample 4_p	RNA-Seq	RANDOM	TRANSCRIPTOMIC	PAIRED	350	50	ILLUMINA	Illumina HiSeq 2500	ERP106828	PRJEB24960		435251	ERS2201140	SAMEA104589858	simple	103690	Nostoc sp. PCC 7120 = FACHB-418	SAMEA104589858							no					Institute of Hydrobiology, Chinese Academy of Sciences	ERA1209630		public	B56FC5E97B826EA1B46D84C99B3BEEB7	F4DF04EFB0583E26771CE0C179DC62CB		
ERX2354342	ERR2303006	2018-02-20 08:58:38	2022-07-17 22:32:20	111850137	27962534250	111850137	250	9537		https://sra-downloadb.be-md.ncbi.nlm.nih.gov/sos1/sra-pub-zq-38/ERR002/2303/ERR2303006/ERR2303006.lite.2	Sample 5_p	RNA-Seq	RANDOM	TRANSCRIPTOMIC	PAIRED	350	50	ILLUMINA	Illumina HiSeq 2500	ERP106828	PRJEB24960		435251	ERS2201141	SAMEA104589859	simple	103690	Nostoc sp. PCC 7120 = FACHB-418	SAMEA104589859							no					Institute of Hydrobiology, Chinese Academy of Sciences	ERA1209630		public	79AFB6E94B07C9999468E4986C67A57B	5D354CEB210A7EE406C463ECC318FC11		
ERX2354343	ERR2303007	2018-02-20 08:58:38	2022-07-21 08:38:14	100185379	25046344750	100185379	250	8941		https://sra-downloadb.be-md.ncbi.nlm.nih.gov/sos1/sra-pub-zq-38/ERR002/2303/ERR2303007/ERR2303007.lite.2	Sample 6_p	RNA-Seq	RANDOM	TRANSCRIPTOMIC	PAIRED	350	50	ILLUMINA	Illumina HiSeq 2500	ERP106828	PRJEB24960		435251	ERS2201142	SAMEA104589860	simple	103690	Nostoc sp. PCC 7120 = FACHB-418	SAMEA104589860							no					Institute of Hydrobiology, Chinese Academy of Sciences	ERA1209630		public	C36D79B968801EB89F51EDD455D33E40	5CDA4ACFC61E2D7D59668DF312FDEE71		
ERX3404227	ERR3380107	2019-06-19 08:11:43	2019-06-19 08:26:45	38013538	8871310277	38013538	233	3741		https://sra-downloadb.be-md.ncbi.nlm.nih.gov/sos5/sra-pub-zq-16/ERR003/380/ERR3380107.sralite.1	unspecified	RNA-Seq	Inverse rRNA	TRANSCRIPTOMIC	PAIRED	600	0	ILLUMINA	Illumina HiSeq 2500	ERP115624	PRJEB32889		549640	ERS3523897	SAMEA5720275	simple	103690	Nostoc sp. PCC 7120 = FACHB-418	SAMEA5720275							no					LEIBNIZ INSTITUTE FOR FRESHWATER ECOLOGY AND INLAN	ERA2010220		public	938196134897CD530424FBF598CCF97F	948E889DF435711E282ECEB8919C9780		
ERX3404228	ERR3380108	2019-06-19 08:11:43	2019-06-19 08:27:30	33990034	8013621862	33990034	235	3379		https://sra-downloadb.be-md.ncbi.nlm.nih.gov/sos5/sra-pub-zq-16/ERR003/380/ERR3380108.sralite.1	unspecified	RNA-Seq	Inverse rRNA	TRANSCRIPTOMIC	PAIRED	600	0	ILLUMINA	Illumina HiSeq 2500	ERP115624	PRJEB32889		549640	ERS3523898	SAMEA5720276	simple	103690	Nostoc sp. PCC 7120 = FACHB-418	SAMEA5720276							no					LEIBNIZ INSTITUTE FOR FRESHWATER ECOLOGY AND INLAN	ERA2010220		public	B5F2610D4D7B2A5D9C4342D21E64D4B0	4678AC86136856EDE1E35BCDA945CC41		
ERX3404229	ERR3380109	2019-06-19 08:11:43	2019-06-19 08:28:37	31294286	7372398340	31294286	235	3114		https://sra-downloadb.be-md.ncbi.nlm.nih.gov/sos3/sra-pub-zq-22/ERR003/380/ERR3380109.sralite.1	unspecified	RNA-Seq	Inverse rRNA	TRANSCRIPTOMIC	PAIRED	600	0	ILLUMINA	Illumina HiSeq 2500	ERP115624	PRJEB32889		549640	ERS3523899	SAMEA5720277	simple	103690	Nostoc sp. PCC 7120 = FACHB-418	SAMEA5720277							no					LEIBNIZ INSTITUTE FOR FRESHWATER ECOLOGY AND INLAN	ERA2010220		public	F36A84B5C0EFA9EC7F222540DCFD36EC	D5795AD7B877E3028016F1A335FCB0FE		
ERX3404230	ERR3380110	2019-06-19 08:11:43	2019-06-19 08:29:07	24317839	5760529148	24317839	236	2446		https://sra-downloadb.be-md.ncbi.nlm.nih.gov/sos5/sra-pub-zq-16/ERR003/380/ERR3380110.sralite.1	unspecified	RNA-Seq	Inverse rRNA	TRANSCRIPTOMIC	PAIRED	600	0	ILLUMINA	Illumina HiSeq 2500	ERP115624	PRJEB32889		549640	ERS3523900	SAMEA5720278	simple	103690	Nostoc sp. PCC 7120 = FACHB-418	SAMEA5720278							no					LEIBNIZ INSTITUTE FOR FRESHWATER ECOLOGY AND INLAN	ERA2010220		public	BD010DEE789D5716E078F42C4B833B1A	0618B3ABFB14BE1FD098F0C465431933		
ERX3404231	ERR3380111	2019-06-19 08:11:43	2019-06-19 08:31:32	32776155	7664166737	32776155	233	3236		https://sra-downloadb.be-md.ncbi.nlm.nih.gov/sos5/sra-pub-zq-16/ERR003/380/ERR3380111.sralite.1	unspecified	RNA-Seq	Inverse rRNA	TRANSCRIPTOMIC	PAIRED	600	0	ILLUMINA	Illumina HiSeq 2500	ERP115624	PRJEB32889		549640	ERS3523901	SAMEA5720279	simple	103690	Nostoc sp. PCC 7120 = FACHB-418	SAMEA5720279							no					LEIBNIZ INSTITUTE FOR FRESHWATER ECOLOGY AND INLAN	ERA2010220		public	2F768C1FAE152EF194134D2ACCF3F7CB	B2BC2FE06F9EA31BB69019F0DEF19884		
ERX3404232	ERR3380112	2019-06-19 08:11:43	2019-06-19 08:31:34	33781922	7809807080	33781922	231	3298		https://sra-downloadb.be-md.ncbi.nlm.nih.gov/sos3/sra-pub-zq-22/ERR003/380/ERR3380112.sralite.1	unspecified	RNA-Seq	Inverse rRNA	TRANSCRIPTOMIC	PAIRED	600	0	ILLUMINA	Illumina HiSeq 2500	ERP115624	PRJEB32889		549640	ERS3523902	SAMEA5720280	simple	103690	Nostoc sp. PCC 7120 = FACHB-418	SAMEA5720280							no					LEIBNIZ INSTITUTE FOR FRESHWATER ECOLOGY AND INLAN	ERA2010220		public	D4A4FEEB0364730A7C8AE116CF4604F6	E7179D579B005F59A100E7FF2CD27A6C		
ERX3404233	ERR3380113	2019-06-19 08:11:43	2019-06-19 08:31:15	31201719	7346403038	31201719	235	3103		https://sra-downloadb.be-md.ncbi.nlm.nih.gov/sos5/sra-pub-zq-16/ERR003/380/ERR3380113.sralite.1	unspecified	RNA-Seq	Inverse rRNA	TRANSCRIPTOMIC	PAIRED	600	0	ILLUMINA	Illumina HiSeq 2500	ERP115624	PRJEB32889		549640	ERS3523903	SAMEA5720281	simple	103690	Nostoc sp. PCC 7120 = FACHB-418	SAMEA5720281							no					LEIBNIZ INSTITUTE FOR FRESHWATER ECOLOGY AND INLAN	ERA2010220		public	A048809DE7E4804663C79EBA2E8BE935	120AAFB318DE3B2BBFBA4A8C7ECA2232		
ERX3404234	ERR3380114	2019-06-19 08:11:43	2019-06-19 08:33:49	29493518	6928979798	29493518	234	2929		https://sra-downloadb.be-md.ncbi.nlm.nih.gov/sos5/sra-pub-zq-16/ERR003/380/ERR3380114.sralite.1	unspecified	RNA-Seq	Inverse rRNA	TRANSCRIPTOMIC	PAIRED	600	0	ILLUMINA	Illumina HiSeq 2500	ERP115624	PRJEB32889		549640	ERS3523904	SAMEA5720282	simple	103690	Nostoc sp. PCC 7120 = FACHB-418	SAMEA5720282							no					LEIBNIZ INSTITUTE FOR FRESHWATER ECOLOGY AND INLAN	ERA2010220		public	078E0BD7F70EE4D9025F23AD6AB66F1D	625852EDA570C51EC911A0C1EF981DF6		
ERX3404235	ERR3380115	2019-06-19 08:11:43	2019-06-19 08:33:39	27546555	6394751706	27546555	232	2708		https://sra-downloadb.be-md.ncbi.nlm.nih.gov/sos5/sra-pub-zq-16/ERR003/380/ERR3380115.sralite.1	unspecified	RNA-Seq	Inverse rRNA	TRANSCRIPTOMIC	PAIRED	600	0	ILLUMINA	Illumina HiSeq 2500	ERP115624	PRJEB32889		549640	ERS3523905	SAMEA5720283	simple	103690	Nostoc sp. PCC 7120 = FACHB-418	SAMEA5720283							no					LEIBNIZ INSTITUTE FOR FRESHWATER ECOLOGY AND INLAN	ERA2010220		public	B96584C6E81D93FCC762C0627597E4C8	3801A769AD563E0B3E69BDBEBC3A05FB		
ERX3404236	ERR3380116	2019-06-19 08:11:44	2019-06-19 08:34:19	31014802	7186472283	31014802	231	2978		https://sra-downloadb.be-md.ncbi.nlm.nih.gov/sos3/sra-pub-zq-22/ERR003/380/ERR3380116.sralite.1	unspecified	RNA-Seq	Inverse rRNA	TRANSCRIPTOMIC	PAIRED	600	0	ILLUMINA	Illumina HiSeq 2500	ERP115624	PRJEB32889		549640	ERS3523906	SAMEA5720284	simple	103690	Nostoc sp. PCC 7120 = FACHB-418	SAMEA5720284							no					LEIBNIZ INSTITUTE FOR FRESHWATER ECOLOGY AND INLAN	ERA2010220		public	F4C080CA295953D9823D30BB23302227	EB8ECC92AAFAF1C375B419A680EFA997		
ERX3404237	ERR3380117	2019-06-19 08:11:44	2019-06-19 08:37:22	29271566	6941438128	29271566	237	2868		https://sra-downloadb.be-md.ncbi.nlm.nih.gov/sos5/sra-pub-zq-16/ERR003/380/ERR3380117.sralite.1	unspecified	RNA-Seq	Inverse rRNA	TRANSCRIPTOMIC	PAIRED	600	0	ILLUMINA	Illumina HiSeq 2500	ERP115624	PRJEB32889		549640	ERS3523907	SAMEA5720285	simple	103690	Nostoc sp. PCC 7120 = FACHB-418	SAMEA5720285							no					LEIBNIZ INSTITUTE FOR FRESHWATER ECOLOGY AND INLAN	ERA2010220		public	8869841BDA17CD2B323B74A19A7AA45F	B1AAB887B084078ECCEFB16220A63144		
ERX3404238	ERR3380118	2019-06-19 08:11:44	2019-06-19 08:37:37	31219389	7308062968	31219389	234	3003		https://sra-downloadb.be-md.ncbi.nlm.nih.gov/sos3/sra-pub-zq-22/ERR003/380/ERR3380118.sralite.1	unspecified	RNA-Seq	Inverse rRNA	TRANSCRIPTOMIC	PAIRED	600	0	ILLUMINA	Illumina HiSeq 2500	ERP115624	PRJEB32889		549640	ERS3523908	SAMEA5720286	simple	103690	Nostoc sp. PCC 7120 = FACHB-418	SAMEA5720286							no					LEIBNIZ INSTITUTE FOR FRESHWATER ECOLOGY AND INLAN	ERA2010220		public	B0FE143C75CB736E7C56ECC0FC785F2A	504A4EF0761F9BA06AB4E95A457A8A28		
ERX3404239	ERR3380119	2019-06-19 08:11:44	2019-06-19 08:37:18	32537228	7598727699	32537228	233	3129		https://sra-downloadb.be-md.ncbi.nlm.nih.gov/sos5/sra-pub-zq-16/ERR003/380/ERR3380119.sralite.1	unspecified	RNA-Seq	Inverse rRNA	TRANSCRIPTOMIC	PAIRED	600	0	ILLUMINA	Illumina HiSeq 2500	ERP115624	PRJEB32889		549640	ERS3523911	SAMEA5720289	simple	103690	Nostoc sp. PCC 7120 = FACHB-418	SAMEA5720289							no					LEIBNIZ INSTITUTE FOR FRESHWATER ECOLOGY AND INLAN	ERA2010220		public	332D2A4ABAE2CAD97011A4EC72C67E95	DF998A6025BD09FD8CF23A14F0709685		
ERX3404240	ERR3380120	2019-06-19 08:11:44	2019-06-19 08:40:38	37811338	8903411131	37811338	235	3652		https://sra-downloadb.be-md.ncbi.nlm.nih.gov/sos5/sra-pub-zq-16/ERR003/380/ERR3380120.sralite.1	unspecified	RNA-Seq	Inverse rRNA	TRANSCRIPTOMIC	PAIRED	600	0	ILLUMINA	Illumina HiSeq 2500	ERP115624	PRJEB32889		549640	ERS3523909	SAMEA5720287	simple	103690	Nostoc sp. PCC 7120 = FACHB-418	SAMEA5720287							no					LEIBNIZ INSTITUTE FOR FRESHWATER ECOLOGY AND INLAN	ERA2010220		public	AA182D96CDFE8EA854C712F01E64CD27	1B4F689DE32C8260B0DEA727356CDC60		
ERX3404241	ERR3380121	2019-06-19 08:11:44	2019-06-19 08:40:39	33633890	7951396578	33633890	236	3262		https://sra-downloadb.be-md.ncbi.nlm.nih.gov/sos5/sra-pub-zq-16/ERR003/380/ERR3380121.sralite.1	unspecified	RNA-Seq	Inverse rRNA	TRANSCRIPTOMIC	PAIRED	600	0	ILLUMINA	Illumina HiSeq 2500	ERP115624	PRJEB32889		549640	ERS3523910	SAMEA5720288	simple	103690	Nostoc sp. PCC 7120 = FACHB-418	SAMEA5720288							no					LEIBNIZ INSTITUTE FOR FRESHWATER ECOLOGY AND INLAN	ERA2010220		public	B6CBC8EC7CBD0277C62E9B7C9A982975	6BDE3771A89D71E8A3A165B29C702B2C		
ERX3404242	ERR3380122	2019-06-19 08:11:44	2019-06-19 08:41:02	32186697	7638543077	32186697	237	3137		https://sra-downloadb.be-md.ncbi.nlm.nih.gov/sos3/sra-pub-zq-22/ERR003/380/ERR3380122.sralite.1	unspecified	RNA-Seq	Inverse rRNA	TRANSCRIPTOMIC	PAIRED	600	0	ILLUMINA	Illumina HiSeq 2500	ERP115624	PRJEB32889		549640	ERS3525688	SAMEA5722068	simple	103690	Nostoc sp. PCC 7120 = FACHB-418	SAMEA5722068							no					LEIBNIZ INSTITUTE FOR FRESHWATER ECOLOGY AND INLAN	ERA2010220		public	CA56A5526C2B8014BBA5AD92DEA48741	84478991104C796CDD059A71D8485EF2		
ERX3404243	ERR3380123	2019-06-19 08:11:44	2019-06-19 08:43:57	32567528	7752429144	32567528	238	3230		https://sra-downloadb.be-md.ncbi.nlm.nih.gov/sos5/sra-pub-zq-16/ERR003/380/ERR3380123.sralite.1	unspecified	RNA-Seq	Inverse rRNA	TRANSCRIPTOMIC	PAIRED	600	0	ILLUMINA	Illumina HiSeq 2500	ERP115624	PRJEB32889		549640	ERS3525689	SAMEA5722069	simple	103690	Nostoc sp. PCC 7120 = FACHB-418	SAMEA5722069							no					LEIBNIZ INSTITUTE FOR FRESHWATER ECOLOGY AND INLAN	ERA2010220		public	5CE71A2D7E1B5EEDA86D5834AA69AA17	56F5E9C340D36B1BAC7EFB9D244A3F1B		
ERX3404244	ERR3380124	2019-06-19 08:11:44	2019-06-19 08:43:34	36379414	8423551971	36379414	231	3068		https://sra-downloadb.be-md.ncbi.nlm.nih.gov/sos5/sra-pub-zq-16/ERR003/380/ERR3380124.sralite.1	unspecified	RNA-Seq	Inverse rRNA	TRANSCRIPTOMIC	PAIRED	600	0	ILLUMINA	Illumina HiSeq 2500	ERP115624	PRJEB32889		549640	ERS3525685	SAMEA5722065	simple	103690	Nostoc sp. PCC 7120 = FACHB-418	SAMEA5722065							no					LEIBNIZ INSTITUTE FOR FRESHWATER ECOLOGY AND INLAN	ERA2010220		public	B4E54ACBF93CE60EE437EB2A32DCD201	0B63F1D4367DEC23E9A6AB866B311CD2		
ERX3404245	ERR3380125	2019-06-19 08:11:44	2019-06-19 08:44:33	44052891	10483428867	44052891	237	3815		https://sra-downloadb.be-md.ncbi.nlm.nih.gov/sos3/sra-pub-zq-22/ERR003/380/ERR3380125.sralite.1	unspecified	RNA-Seq	Inverse rRNA	TRANSCRIPTOMIC	PAIRED	600	0	ILLUMINA	Illumina HiSeq 2500	ERP115624	PRJEB32889		549640	ERS3525686	SAMEA5722066	simple	103690	Nostoc sp. PCC 7120 = FACHB-418	SAMEA5722066							no					LEIBNIZ INSTITUTE FOR FRESHWATER ECOLOGY AND INLAN	ERA2010220		public	FB33C1D296EC89962D6A4D379F4E8CA9	2603F9ACD88CCD51FD4FA810E0ADDD4F		
ERX3404246	ERR3380126	2019-06-19 08:11:44	2019-06-19 08:46:34	31819361	7601305809	31819361	238	2771		https://sra-downloadb.be-md.ncbi.nlm.nih.gov/sos5/sra-pub-zq-16/ERR003/380/ERR3380126.sralite.1	unspecified	RNA-Seq	Inverse rRNA	TRANSCRIPTOMIC	PAIRED	600	0	ILLUMINA	Illumina HiSeq 2500	ERP115624	PRJEB32889		549640	ERS3525687	SAMEA5722067	simple	103690	Nostoc sp. PCC 7120 = FACHB-418	SAMEA5722067							no					LEIBNIZ INSTITUTE FOR FRESHWATER ECOLOGY AND INLAN	ERA2010220		public	44B0CE77B63558C190463F00DEDE7F4E	56F28AE10379D1C4AB7A025773E4296B		
SRX039128	SRR094982	2011-06-29 13:02:09	2014-05-29 18:05:49	17926404	699129756	0	39	453		https://sra-downloadb.be-md.ncbi.nlm.nih.gov/sos5/sra-pub-zq-11/SRR000/094/SRR094982/SRR094982.sralite.1	GSM655509: RNA_0hr	RNA-Seq	cDNA	TRANSCRIPTOMIC	SINGLE	0	0	ILLUMINA	Illumina Genome Analyzer II	SRP005431	PRJNA136453	2.0	136453	SRS160154	SAMN00198540	simple	103690	Nostoc sp. PCC 7120 = FACHB-418	GSM655509							no					GEO	SRA029304		public	8F4F5E17E42FB11BF4DFD7A65544BB8A	5E768E854EE7D9C0CA86DE6786D9A032		
SRX039129	SRR094983	2011-06-29 13:02:09	2014-05-29 18:08:29	22974491	2274474609	0	99	1534		https://sra-downloadb.be-md.ncbi.nlm.nih.gov/sos5/sra-pub-zq-11/SRR000/094/SRR094983/SRR094983.sralite.1	GSM655510: RNA_6hr_nitrogen_step_down	RNA-Seq	cDNA	TRANSCRIPTOMIC	SINGLE	0	0	ILLUMINA	Illumina Genome Analyzer II	SRP005431	PRJNA136453	2.0	136453	SRS160155	SAMN00198541	simple	103690	Nostoc sp. PCC 7120 = FACHB-418	GSM655510							no					GEO	SRA029304		public	D910CFC9CC64C8F320A6C82A9FBCF082	4580406DA57566D98C63B1AF1E3B3AB1		
SRX039130	SRR094984	2011-06-29 13:02:09	2014-05-29 18:05:57	18485778	720945342	0	39	469		https://sra-downloadb.be-md.ncbi.nlm.nih.gov/sos5/sra-pub-zq-11/SRR000/094/SRR094984/SRR094984.sralite.1	GSM655511: RNA_12hr_nitrogen_step_down	RNA-Seq	cDNA	TRANSCRIPTOMIC	SINGLE	0	0	ILLUMINA	Illumina Genome Analyzer II	SRP005431	PRJNA136453	2.0	136453	SRS160156	SAMN00198542	simple	103690	Nostoc sp. PCC 7120 = FACHB-418	GSM655511							no					GEO	SRA029304		public	604B7B908CF4938AA1C50D69410C3074	DD82426D4411CDDA55468DC4A660697A		
SRX039131	SRR094985	2011-06-29 13:02:09	2014-05-29 18:06:33	18946731	738922509	0	39	486		https://sra-downloadb.be-md.ncbi.nlm.nih.gov/sos5/sra-pub-zq-11/SRR000/094/SRR094985/SRR094985.sralite.1	GSM655512: RNA_21hr_nitrogen_step_down	RNA-Seq	cDNA	TRANSCRIPTOMIC	SINGLE	0	0	ILLUMINA	Illumina Genome Analyzer II	SRP005431	PRJNA136453	2.0	136453	SRS160157	SAMN00198543	simple	103690	Nostoc sp. PCC 7120 = FACHB-418	GSM655512							no					GEO	SRA029304		public	3E021E7B9EAFE0086FAD6E9BE46C0396	F1D497085F719AF3FF2B34D80FDEBD37		
SRX1436660	SRR2923164	2015-11-27 05:56:21	2015-11-20 11:31:48	3445096	1033528800	3445096	300	453		https://sra-downloadb.be-md.ncbi.nlm.nih.gov/sos5/sra-pub-zq-11/SRR002/923/SRR2923164/SRR2923164.sralite.1		RNA-Seq	unspecified	TRANSCRIPTOMIC	PAIRED	0	0	ILLUMINA	Illumina MiSeq	SRP066361	PRJNA301673		301673	SRS1167439	SAMN04254016	simple	103690	Nostoc sp. PCC 7120 = FACHB-418	Anabaena (Nostoc) PCC 7120 RNA sample							no					UNIVERSITY OF ZARAGOZA	SRA312117		public	9847E25469F2E1A211A64DC6A076BFFA	40CB0119FB74BCA59E0BFC24477799B3		
SRX1436671	SRR2923328	2015-11-27 05:56:30	2015-11-20 11:31:53	2117001	635100300	2117001	300	278		https://sra-downloadb.be-md.ncbi.nlm.nih.gov/sos5/sra-pub-zq-11/SRR002/923/SRR2923328/SRR2923328.sralite.1		RNA-Seq	unspecified	TRANSCRIPTOMIC	PAIRED	0	0	ILLUMINA	Illumina MiSeq	SRP066361	PRJNA301673		301673	SRS1167442	SAMN04253749	simple	103690	Nostoc sp. PCC 7120 = FACHB-418	Anabaena AGcoaRFurA							no					UNIVERSITY OF ZARAGOZA	SRA312117		public	DBC35884CBBD56AF669E4BAB7ED5C12F	D00725EAEBC81C06181BFA742803DDD9		
SRX1949981	SRR3923435	2017-10-08 01:42:23	2017-10-02 13:08:35	1219	65209	0	53	0		https://sra-downloadb.be-md.ncbi.nlm.nih.gov/sos5/sra-pub-zq-11/SRR003/923/SRR3923435/SRR3923435.sralite.1	PCC7120	RNA-Seq	RT-PCR	TRANSCRIPTOMIC	SINGLE	0	0	ILLUMINA	Illumina HiSeq 2000	SRP078526	PRJNA328169		328169	SRS1564871	SAMN05365957	simple	103690	Nostoc sp. PCC 7120 = FACHB-418	Anabaena sp. PCC 7120							no					COLLEGE OF VETERINARY MEDICINE, NANJING AGRICULTURAL UNIVERSITY	SRA440555		public	D872472BD1619D2EDD3CA15475F91074	337B9015C642528D827B334A7048CEDD		
SRX2196072	SRR4301759	2017-09-28 00:02:25	2016-09-29 19:05:02	13499220	2429859600	0	180	1478		https://sra-downloadb.be-md.ncbi.nlm.nih.gov/sos5/sra-pub-zq-14/SRR004/301/SRR4301759.sralite.1		RNA-Seq	unspecified	TRANSCRIPTOMIC	SINGLE	0	0	ILLUMINA	Illumina HiSeq 2000	SRP090591	PRJNA344799		344799	SRS1718000	SAMN05833358	simple	103690	Nostoc sp. PCC 7120 = FACHB-418	Anabaena 7120 +/-N							no					KANSAS STATE UNIVERSITY	SRA480955		public	3FF8EAD899661BD88868EAA2EE186793	483F81209B5EAC5528D6CF766AFABC95		
SRX6928093	SRR10208182	2019-10-01 01:43:18	2019-09-30 22:03:54	13878821	4191403942	13878821	302	1614		https://sra-downloadb.be-md.ncbi.nlm.nih.gov/sos5/sra-pub-zq-16/SRR010/208/SRR10208182.sralite.1	LRQ00130	RNA-Seq	RANDOM	TRANSCRIPTOMIC	PAIRED	0	0	ILLUMINA	Illumina HiSeq 4000	SRP223788	PRJNA575071		575071	SRS5458644	SAMN12877542	simple	103690	Nostoc sp. PCC 7120 = FACHB-418	NDC1							no					JILIN NORMAL UNIVERSITY	SRA970327		public	08E9A2A581940449532785540D004B67	787520D7553E0FD039B29EFA19197103		
SRX6928094	SRR10208181	2019-10-01 01:43:18	2019-09-30 22:04:32	14101035	4258512570	14101035	302	1637		https://sra-downloadb.be-md.ncbi.nlm.nih.gov/sos5/sra-pub-zq-16/SRR010/208/SRR10208181.sralite.1	LRQ00131	RNA-Seq	RANDOM	TRANSCRIPTOMIC	PAIRED	0	0	ILLUMINA	Illumina HiSeq 4000	SRP223788	PRJNA575071		575071	SRS5458645	SAMN12877543	simple	103690	Nostoc sp. PCC 7120 = FACHB-418	NDC2							no					JILIN NORMAL UNIVERSITY	SRA970327		public	3DF8F4D18235FCDC446A7F2954463E65	78709B1ECBEDBEBA9A9B7241D0542268		
SRX6928095	SRR10208180	2019-10-01 01:43:18	2019-09-30 22:03:36	14827054	4477770308	14827054	302	1709		https://sra-downloadb.be-md.ncbi.nlm.nih.gov/sos3/sra-pub-zq-22/SRR010/208/SRR10208180.sralite.1	LRQ00132	RNA-Seq	RANDOM	TRANSCRIPTOMIC	PAIRED	0	0	ILLUMINA	Illumina HiSeq 4000	SRP223788	PRJNA575071		575071	SRS5458646	SAMN12877544	simple	103690	Nostoc sp. PCC 7120 = FACHB-418	NDC3							no					JILIN NORMAL UNIVERSITY	SRA970327		public	4856E2DEDEB561D37F7769ECD83B0C58	5972D2467A99FD1A0215224E53EA0518		
SRX6928096	SRR10208179	2019-10-01 01:43:18	2019-09-30 22:04:04	14633994	4419466188	14633994	302	1703		https://sra-downloadb.be-md.ncbi.nlm.nih.gov/sos3/sra-pub-zq-22/SRR010/208/SRR10208179.sralite.1	LRQ00125	RNA-Seq	RANDOM	TRANSCRIPTOMIC	PAIRED	0	0	ILLUMINA	Illumina HiSeq 4000	SRP223788	PRJNA575071		575071	SRS5458647	SAMN12877545	simple	103690	Nostoc sp. PCC 7120 = FACHB-418	NDH1							no					JILIN NORMAL UNIVERSITY	SRA970327		public	A14A4363FE50CA6E7B290AEB460E20A5	D6B5E117B4D91FDAB45914E0D61FF098		
SRX6928097	SRR10208178	2019-10-01 01:43:18	2019-09-30 22:01:00	14323108	4325578616	14323108	302	1684		https://sra-downloadb.be-md.ncbi.nlm.nih.gov/sos3/sra-pub-zq-22/SRR010/208/SRR10208178.sralite.1	LRQ00126	RNA-Seq	RANDOM	TRANSCRIPTOMIC	PAIRED	0	0	ILLUMINA	Illumina HiSeq 4000	SRP223788	PRJNA575071		575071	SRS5458648	SAMN12877546	simple	103690	Nostoc sp. PCC 7120 = FACHB-418	NDH2							no					JILIN NORMAL UNIVERSITY	SRA970327		public	D8045DDAE89BDAFD8CA40BDD00BEF3B8	87B316B772D146518EB665F08353562E		
SRX6928098	SRR10208177	2019-10-01 01:43:18	2019-09-30 22:01:18	15314482	4624973564	15314482	302	1794		https://sra-downloadb.be-md.ncbi.nlm.nih.gov/sos3/sra-pub-zq-22/SRR010/208/SRR10208177.sralite.1	LRQ00127	RNA-Seq	RANDOM	TRANSCRIPTOMIC	PAIRED	0	0	ILLUMINA	Illumina HiSeq 4000	SRP223788	PRJNA575071		575071	SRS5458649	SAMN12877547	simple	103690	Nostoc sp. PCC 7120 = FACHB-418	NDH3							no					JILIN NORMAL UNIVERSITY	SRA970327		public	5A38099EB8F98870B2456098892E666C	578019DF71C3189F959133CF727EA1B6		
SRX6928099	SRR10208176	2019-10-01 01:43:18	2019-09-30 22:03:26	15565023	4700636946	15565023	302	2048		https://sra-downloadb.be-md.ncbi.nlm.nih.gov/sos5/sra-pub-zq-16/SRR010/208/SRR10208176.sralite.1	LRQ00093	RNA-Seq	RANDOM	TRANSCRIPTOMIC	PAIRED	0	0	ILLUMINA	Illumina HiSeq 4000	SRP223788	PRJNA575071		575071	SRS5458650	SAMN12877548	simple	103690	Nostoc sp. PCC 7120 = FACHB-418	NVC1							no					JILIN NORMAL UNIVERSITY	SRA970327		public	D46508916645F327B1D98D26A4F4A7ED	E94C6DFF19734EE04EC8F19F18FE68BD		
SRX6928100	SRR10208175	2019-10-01 01:43:18	2019-09-30 22:02:05	14815855	4474388210	14815855	302	1733		https://sra-downloadb.be-md.ncbi.nlm.nih.gov/sos3/sra-pub-zq-22/SRR010/208/SRR10208175.sralite.1	LRQ00128	RNA-Seq	RANDOM	TRANSCRIPTOMIC	PAIRED	0	0	ILLUMINA	Illumina HiSeq 4000	SRP223788	PRJNA575071		575071	SRS5458651	SAMN12877549	simple	103690	Nostoc sp. PCC 7120 = FACHB-418	NVC2							no					JILIN NORMAL UNIVERSITY	SRA970327		public	19E05A31EF50779F708D81038FF9C526	A1267A60A3621F7EC856EA9FE156DBC9		
SRX6928101	SRR10208174	2019-10-01 01:43:18	2019-09-30 22:00:27	14536006	4389873812	14536006	302	1703		https://sra-downloadb.be-md.ncbi.nlm.nih.gov/sos5/sra-pub-zq-16/SRR010/208/SRR10208174.sralite.1	LRQ00129	RNA-Seq	RANDOM	TRANSCRIPTOMIC	PAIRED	0	0	ILLUMINA	Illumina HiSeq 4000	SRP223788	PRJNA575071		575071	SRS5458652	SAMN12877550	simple	103690	Nostoc sp. PCC 7120 = FACHB-418	NVC3							no					JILIN NORMAL UNIVERSITY	SRA970327		public	59DF9103DA22E031056B1B8720738842	CAEDA6F7EA22B1E9BCBFF57C00471608		
SRX8086941	SRR11515331	2020-06-01 00:07:50	2020-04-10 15:26:03	9257005	403766713	0	43	221	BA000019.2	https://sra-downloadb.be-md.ncbi.nlm.nih.gov/sos3/sra-pub-zq-22/SRR011/515/SRR11515331.sralite.1	A7120_1	RNA-Seq	RANDOM	TRANSCRIPTOMIC	SINGLE	0	0	ILLUMINA	NextSeq 500	SRP255803	PRJNA624132		624132	SRS6454416	SAMN14568241	simple	103690	Nostoc sp. PCC 7120 = FACHB-418	WT+PNK							no					ALBERT LUDWIG UNIVERSITY OF FREIBURG	SRA1064160		public	144DE7E3F30C849DA417878F659A451C	18427D3BDAA1A4873F013D827592E8CB		
SRX8086942	SRR11515330	2020-06-01 00:07:50	2020-04-12 17:58:09	11295160	525545884	0	46	303	BA000019.2	https://sra-downloadb.be-md.ncbi.nlm.nih.gov/sos5/sra-pub-zq-16/SRR011/515/SRR11515330.sralite.1	A7120_2	RNA-Seq	RANDOM	TRANSCRIPTOMIC	SINGLE	0	0	ILLUMINA	NextSeq 500	SRP255803	PRJNA624132		624132	SRS6454417	SAMN14568242	simple	103690	Nostoc sp. PCC 7120 = FACHB-418	WT-PNK							no					ALBERT LUDWIG UNIVERSITY OF FREIBURG	SRA1064160		public	EF8916AE38337EF3FD49171A48E8F47E	4D6DBD0DE338CB11CEFCDA673D58202D		
SRX9234469	SRR12763741	2021-03-10 00:01:29	2020-10-02 04:58:05	22073225	1103661250	0	50	369		https://sra-downloadb.be-md.ncbi.nlm.nih.gov/sos3/sra-pub-zq-22/SRR012/12763/SRR12763741/SRR12763741.lite.1	ana_highCO2_1	RNA-Seq	DNase	TRANSCRIPTOMIC	SINGLE	0	0	ILLUMINA	Illumina HiSeq 2500	SRP286151	PRJNA666986		666986	SRS7467876	SAMN16339684	simple	103690	Nostoc sp. PCC 7120 = FACHB-418	Nostoc sp. PCC 7120 (Anabaena)							no					UNIVERSITY OF TURKU	SRA1136934		public	0A70D86C8B670252DC6B2326DB56DDCE	08F446BB9F698A91C2FFC6952952A894		
SRX9234470	SRR12763740	2021-03-10 00:01:29	2020-10-02 04:56:11	16315599	815779950	0	50	276		https://sra-downloadb.be-md.ncbi.nlm.nih.gov/sos3/sra-pub-zq-22/SRR012/12763/SRR12763740/SRR12763740.lite.1	ana_highCO2_2	RNA-Seq	DNase	TRANSCRIPTOMIC	SINGLE	0	0	ILLUMINA	Illumina HiSeq 2500	SRP286151	PRJNA666986		666986	SRS7467876	SAMN16339684	simple	103690	Nostoc sp. PCC 7120 = FACHB-418	Nostoc sp. PCC 7120 (Anabaena)							no					UNIVERSITY OF TURKU	SRA1136934		public	99B0FC753C145D999AB7D6D02B4390F8	CB109EE9283EF4C317D70CCC40B26FC9		
SRX9234471	SRR12763739	2021-03-10 00:01:30	2020-10-02 04:57:21	20799818	1039990900	0	50	345		https://sra-downloadb.be-md.ncbi.nlm.nih.gov/sos3/sra-pub-zq-24/SRR012/12763/SRR12763739/SRR12763739.lite.1	ana_highCO2_3	RNA-Seq	DNase	TRANSCRIPTOMIC	SINGLE	0	0	ILLUMINA	Illumina HiSeq 2500	SRP286151	PRJNA666986		666986	SRS7467876	SAMN16339684	simple	103690	Nostoc sp. PCC 7120 = FACHB-418	Nostoc sp. PCC 7120 (Anabaena)							no					UNIVERSITY OF TURKU	SRA1136934		public	D6043592C757D9EFED05D0660959F27C	6660A56CB2383F04F8BE594A0FD35229		
SRX9234472	SRR12763738	2021-03-10 00:01:30	2020-10-02 04:57:58	19238989	961949450	0	50	321		https://sra-downloadb.be-md.ncbi.nlm.nih.gov/sos3/sra-pub-zq-22/SRR012/12763/SRR12763738/SRR12763738.lite.1	ana_lowCO2_1	RNA-Seq	DNase	TRANSCRIPTOMIC	SINGLE	0	0	ILLUMINA	Illumina HiSeq 2500	SRP286151	PRJNA666986		666986	SRS7467876	SAMN16339684	simple	103690	Nostoc sp. PCC 7120 = FACHB-418	Nostoc sp. PCC 7120 (Anabaena)							no					UNIVERSITY OF TURKU	SRA1136934		public	83D8DBDA8F4281E76AFCA7C14C9BF82B	A334869B735B5355BA64D34E0F0EE19E		
SRX9234473	SRR12763737	2021-03-10 00:01:30	2020-10-02 04:55:37	18009038	900451900	0	50	300		https://sra-downloadb.be-md.ncbi.nlm.nih.gov/sos3/sra-pub-zq-24/SRR012/12763/SRR12763737/SRR12763737.lite.1	ana_lowCO2_2	RNA-Seq	DNase	TRANSCRIPTOMIC	SINGLE	0	0	ILLUMINA	Illumina HiSeq 2500	SRP286151	PRJNA666986		666986	SRS7467876	SAMN16339684	simple	103690	Nostoc sp. PCC 7120 = FACHB-418	Nostoc sp. PCC 7120 (Anabaena)							no					UNIVERSITY OF TURKU	SRA1136934		public	4F435C0E2F7DF38A898F1F7F573FF48D	0E9DF14CBF29DF4C931F17821F55D0F2		
SRX9234474	SRR12763736	2021-03-10 00:01:30	2020-10-02 04:57:15	23631168	1181558400	0	50	394		https://sra-downloadb.be-md.ncbi.nlm.nih.gov/sos3/sra-pub-zq-22/SRR012/12763/SRR12763736/SRR12763736.lite.1	ana_lowCO2_3	RNA-Seq	DNase	TRANSCRIPTOMIC	SINGLE	0	0	ILLUMINA	Illumina HiSeq 2500	SRP286151	PRJNA666986		666986	SRS7467876	SAMN16339684	simple	103690	Nostoc sp. PCC 7120 = FACHB-418	Nostoc sp. PCC 7120 (Anabaena)							no					UNIVERSITY OF TURKU	SRA1136934		public	5127745900378E9E9C5E518200C9FAA2	BC9D877520162EA1E9E1383DF41436E2		
SRX9261218	SRR12792097	2021-07-17 08:09:15	2020-10-08 08:20:20	3469464	256331969	0	73	90		https://sra-downloadb.be-md.ncbi.nlm.nih.gov/sos2/sra-pub-zq-18/SRR012/12792/SRR12792097/SRR12792097.lite.1		RNA-Seq	cDNA	TRANSCRIPTOMIC	SINGLE	0	0	ILLUMINA	NextSeq 500	SRP286720	PRJNA668058	3.0	668058	SRS7491239	SAMN16395634	simple	103690	Nostoc sp. PCC 7120 = FACHB-418	GSM4822891							no					GEO	SRA1140157		public	DF1DBD61868B6F66A8D4B618B3F087C4	8C4842325A6C6F20A6524E7C177B116E		
SRX9261219	SRR12792098	2021-07-17 08:09:15	2020-10-08 08:20:31	3556353	268197751	0	75	92		https://sra-downloadb.be-md.ncbi.nlm.nih.gov/sos2/sra-pub-zq-18/SRR012/12792/SRR12792098/SRR12792098.lite.1		RNA-Seq	cDNA	TRANSCRIPTOMIC	SINGLE	0	0	ILLUMINA	NextSeq 500	SRP286720	PRJNA668058	3.0	668058	SRS7491240	SAMN16395633	simple	103690	Nostoc sp. PCC 7120 = FACHB-418	GSM4822892							no					GEO	SRA1140157		public	B6FFB77CF1464B44EA573AF0B1FA2908	4EF34E903044F2B35478AFD970E57E35		
SRX9261220	SRR12792099	2021-07-17 08:09:15	2020-10-08 08:20:18	2725486	204234185	0	74	70		https://sra-downloadb.be-md.ncbi.nlm.nih.gov/sos2/sra-pub-zq-18/SRR012/12792/SRR12792099/SRR12792099.lite.1		RNA-Seq	cDNA	TRANSCRIPTOMIC	SINGLE	0	0	ILLUMINA	NextSeq 500	SRP286720	PRJNA668058	3.0	668058	SRS7491241	SAMN16395632	simple	103690	Nostoc sp. PCC 7120 = FACHB-418	GSM4822893							no					GEO	SRA1140157		public	2DBF125443C389361B69F9F0D436BBEA	402E3CF20215C8B4B9861DECFD955257		
SRX9261221	SRR12792100	2021-07-17 08:09:15	2020-10-08 08:20:32	4174801	315036501	0	75	109		https://sra-downloadb.be-md.ncbi.nlm.nih.gov/sos2/sra-pub-zq-18/SRR012/12792/SRR12792100/SRR12792100.lite.1		RNA-Seq	cDNA	TRANSCRIPTOMIC	SINGLE	0	0	ILLUMINA	NextSeq 500	SRP286720	PRJNA668058	3.0	668058	SRS7491242	SAMN16395631	simple	103690	Nostoc sp. PCC 7120 = FACHB-418	GSM4822894							no					GEO	SRA1140157		public	60A78D8F5AE940046B8DDD8A88BD265E	8A6192CE14F6676DA2C95B2E3865058A		
SRX9261222	SRR12792101	2021-07-17 08:09:15	2020-10-08 08:20:55	4190775	311704559	0	74	109		https://sra-downloadb.be-md.ncbi.nlm.nih.gov/sos2/sra-pub-zq-18/SRR012/12792/SRR12792101/SRR12792101.lite.1		RNA-Seq	cDNA	TRANSCRIPTOMIC	SINGLE	0	0	ILLUMINA	NextSeq 500	SRP286720	PRJNA668058	3.0	668058	SRS7491243	SAMN16395630	simple	103690	Nostoc sp. PCC 7120 = FACHB-418	GSM4822895							no					GEO	SRA1140157		public	E65B893DF650BFCC809BD6BEFC801295	F809EEB4AE241D0BEB1CB1A667CC0951		
SRX9261223	SRR12792102	2021-07-17 08:09:15	2020-10-08 08:20:06	2131604	157355941	0	73	54		https://sra-downloadb.be-md.ncbi.nlm.nih.gov/sos2/sra-pub-zq-18/SRR012/12792/SRR12792102/SRR12792102.lite.1		RNA-Seq	cDNA	TRANSCRIPTOMIC	SINGLE	0	0	ILLUMINA	NextSeq 500	SRP286720	PRJNA668058	3.0	668058	SRS7491244	SAMN16395629	simple	103690	Nostoc sp. PCC 7120 = FACHB-418	GSM4822896							no					GEO	SRA1140157		public	5F90CCACB1DABE8DCA3AB84D877D9CF4	04595FC8F3E5EC889EAD3570AFD7F917		
SRX9261224	SRR12792103	2021-07-17 08:09:15	2020-10-08 08:20:32	3962324	298981844	0	75	103		https://sra-downloadb.be-md.ncbi.nlm.nih.gov/sos2/sra-pub-zq-18/SRR012/12792/SRR12792103/SRR12792103.lite.1		RNA-Seq	cDNA	TRANSCRIPTOMIC	SINGLE	0	0	ILLUMINA	NextSeq 500	SRP286720	PRJNA668058	3.0	668058	SRS7491245	SAMN16395628	simple	103690	Nostoc sp. PCC 7120 = FACHB-418	GSM4822897							no					GEO	SRA1140157		public	E8AABF6CDD89357303BD078793FF5DCF	7E1A780062B6B148CB64A0224D5438F1		
SRX9261225	SRR12792104	2021-07-17 08:09:15	2020-10-08 08:20:30	3483312	262649269	0	75	91		https://sra-downloadb.be-md.ncbi.nlm.nih.gov/sos2/sra-pub-zq-18/SRR012/12792/SRR12792104/SRR12792104.lite.1		RNA-Seq	cDNA	TRANSCRIPTOMIC	SINGLE	0	0	ILLUMINA	NextSeq 500	SRP286720	PRJNA668058	3.0	668058	SRS7491246	SAMN16395627	simple	103690	Nostoc sp. PCC 7120 = FACHB-418	GSM4822898							no					GEO	SRA1140157		public	E019527A8A921538FBC7ED4B980A032F	41E2A9A94C3491F8D6FDCFD9EF93137D		
SRX9261226	SRR12792105	2021-07-17 08:09:15	2020-10-08 08:20:14	3010591	223996201	0	74	77		https://sra-downloadb.be-md.ncbi.nlm.nih.gov/sos2/sra-pub-zq-18/SRR012/12792/SRR12792105/SRR12792105.lite.1		RNA-Seq	cDNA	TRANSCRIPTOMIC	SINGLE	0	0	ILLUMINA	NextSeq 500	SRP286720	PRJNA668058	3.0	668058	SRS7491247	SAMN16395626	simple	103690	Nostoc sp. PCC 7120 = FACHB-418	GSM4822899							no					GEO	SRA1140157		public	21B2E73B834EE11DF089BDAC8BC520DD	643338C0536AE1412832AF1F8F1D81DB		
SRX9261227	SRR12792106	2021-07-17 08:09:15	2020-10-08 08:19:52	1560953	114426156	0	73	40		https://sra-downloadb.be-md.ncbi.nlm.nih.gov/sos2/sra-pub-zq-18/SRR012/12792/SRR12792106/SRR12792106.lite.1		RNA-Seq	cDNA	TRANSCRIPTOMIC	SINGLE	0	0	ILLUMINA	NextSeq 500	SRP286720	PRJNA668058	3.0	668058	SRS7491248	SAMN16395637	simple	103690	Nostoc sp. PCC 7120 = FACHB-418	GSM4822900							no					GEO	SRA1140157		public	728A07794C1CD15DE7DD9F2DAB2F9643	B254974123542FF936F2C2D02395DEBF		
SRX9261228	SRR12792107	2021-07-17 08:09:15	2020-10-08 08:19:54	1330858	94139826	0	70	32		https://sra-downloadb.be-md.ncbi.nlm.nih.gov/sos2/sra-pub-zq-18/SRR012/12792/SRR12792107/SRR12792107.lite.1		RNA-Seq	cDNA	TRANSCRIPTOMIC	SINGLE	0	0	ILLUMINA	NextSeq 500	SRP286720	PRJNA668058	3.0	668058	SRS7491250	SAMN16395636	simple	103690	Nostoc sp. PCC 7120 = FACHB-418	GSM4822901							no					GEO	SRA1140157		public	6DD2C3F1DF5E31E03258464A88C64EFF	4B036FEE91FCFF3244E2E142474E4C14		
SRX9261229	SRR12792108	2021-07-17 08:09:15	2020-10-08 08:20:26	4167565	312757506	0	75	107		https://sra-downloadb.be-md.ncbi.nlm.nih.gov/sos2/sra-pub-zq-18/SRR012/12792/SRR12792108/SRR12792108.lite.1		RNA-Seq	cDNA	TRANSCRIPTOMIC	SINGLE	0	0	ILLUMINA	NextSeq 500	SRP286720	PRJNA668058	3.0	668058	SRS7491249	SAMN16395635	simple	103690	Nostoc sp. PCC 7120 = FACHB-418	GSM4822902							no					GEO	SRA1140157		public	8CF936E5FC31FF4A967904A83C408E15	9A31A0FC9E591D96956437058571E538		
SRX9461458	SRR13010317	2021-01-20 15:01:19	2020-11-09 10:27:17	9330007	569130427	0	61	267		https://sra-downloadb.be-md.ncbi.nlm.nih.gov/sos3/sra-pub-zq-24/SRR013/13010/SRR13010317/SRR13010317.lite.1		RNA-Seq	cDNA	TRANSCRIPTOMIC	SINGLE	0	0	ILLUMINA	Illumina HiSeq 2500	SRP291706	PRJNA675510	3.0	675510	SRS7673681	SAMN16709191	simple	103690	Nostoc sp. PCC 7120 = FACHB-418	GSM4889400							no					GEO	SRA1156240		public	EDC118FEBEB29AF1AD38856367D29A2C	A60064089E3DF363F40BD736CC618114		
SRX9461459	SRR13010318	2021-01-20 15:01:19	2020-11-09 10:28:05	10156757	619562177	0	61	289		https://sra-downloadb.be-md.ncbi.nlm.nih.gov/sos3/sra-pub-zq-24/SRR013/13010/SRR13010318/SRR13010318.lite.1		RNA-Seq	cDNA	TRANSCRIPTOMIC	SINGLE	0	0	ILLUMINA	Illumina HiSeq 2500	SRP291706	PRJNA675510	3.0	675510	SRS7673682	SAMN16709190	simple	103690	Nostoc sp. PCC 7120 = FACHB-418	GSM4889401							no					GEO	SRA1156240		public	B17C4804D1DE87D3D369904124C58CC5	90A63F3BA11F209F64720385BA09A547		
SRX9461460	SRR13010319	2021-01-20 15:01:19	2020-11-09 10:27:55	10432100	636358100	0	61	297		https://sra-downloadb.be-md.ncbi.nlm.nih.gov/sos3/sra-pub-zq-24/SRR013/13010/SRR13010319/SRR13010319.lite.1		RNA-Seq	cDNA	TRANSCRIPTOMIC	SINGLE	0	0	ILLUMINA	Illumina HiSeq 2500	SRP291706	PRJNA675510	3.0	675510	SRS7673683	SAMN16709189	simple	103690	Nostoc sp. PCC 7120 = FACHB-418	GSM4889402							no					GEO	SRA1156240		public	6B785E18561A54FBE7860538787B632F	57B5EEE749C46885B417D0E935D09A6C		
SRX9461461	SRR13010320	2021-01-20 15:01:19	2020-11-09 10:27:44	10916379	665899119	0	61	311		https://sra-downloadb.be-md.ncbi.nlm.nih.gov/sos3/sra-pub-zq-24/SRR013/13010/SRR13010320/SRR13010320.lite.1		RNA-Seq	cDNA	TRANSCRIPTOMIC	SINGLE	0	0	ILLUMINA	Illumina HiSeq 2500	SRP291706	PRJNA675510	3.0	675510	SRS7673684	SAMN16709188	simple	103690	Nostoc sp. PCC 7120 = FACHB-418	GSM4889403							no					GEO	SRA1156240		public	93D649163CA7F708AF8DD191355DE46D	D6A2CAD8D242CF9BB665791CA4289DF5		
SRX9461462	SRR13010321	2021-01-20 15:01:19	2020-11-09 10:27:17	11089779	676476519	0	61	316		https://sra-downloadb.be-md.ncbi.nlm.nih.gov/sos3/sra-pub-zq-24/SRR013/13010/SRR13010321/SRR13010321.lite.1		RNA-Seq	cDNA	TRANSCRIPTOMIC	SINGLE	0	0	ILLUMINA	Illumina HiSeq 2500	SRP291706	PRJNA675510	3.0	675510	SRS7673685	SAMN16709187	simple	103690	Nostoc sp. PCC 7120 = FACHB-418	GSM4889404							no					GEO	SRA1156240		public	BFD7600A468BD1D72EA14DB43FBEDE0D	19A16DF4EACC5B01219F7C6533BD9CDA		
SRX9461463	SRR13010322	2021-01-20 15:01:19	2020-11-09 10:27:11	10328031	630009891	0	61	295		https://sra-downloadb.be-md.ncbi.nlm.nih.gov/sos3/sra-pub-zq-24/SRR013/13010/SRR13010322/SRR13010322.lite.1		RNA-Seq	cDNA	TRANSCRIPTOMIC	SINGLE	0	0	ILLUMINA	Illumina HiSeq 2500	SRP291706	PRJNA675510	3.0	675510	SRS7673686	SAMN16709186	simple	103690	Nostoc sp. PCC 7120 = FACHB-418	GSM4889405							no					GEO	SRA1156240		public	2CB71D2422CEB71943A49C58E90DD811	1227EA7A12416B75BD4BBC155928ABC3		
SRX9461464	SRR13010323	2021-01-20 15:01:19	2020-11-09 10:27:58	11210838	683861118	0	61	315		https://sra-downloadb.be-md.ncbi.nlm.nih.gov/sos3/sra-pub-zq-24/SRR013/13010/SRR13010323/SRR13010323.lite.1		RNA-Seq	cDNA	TRANSCRIPTOMIC	SINGLE	0	0	ILLUMINA	Illumina HiSeq 2500	SRP291706	PRJNA675510	3.0	675510	SRS7673687	SAMN16709185	simple	103690	Nostoc sp. PCC 7120 = FACHB-418	GSM4889406							no					GEO	SRA1156240		public	22234A6D4E27E4CED8C3E4627960D09C	88BF816878D954EFE4C154601189A120		
SRX9461465	SRR13010324	2021-01-20 15:01:19	2020-11-09 10:27:11	10536347	642717167	0	61	297		https://sra-downloadb.be-md.ncbi.nlm.nih.gov/sos3/sra-pub-zq-24/SRR013/13010/SRR13010324/SRR13010324.lite.1		RNA-Seq	cDNA	TRANSCRIPTOMIC	SINGLE	0	0	ILLUMINA	Illumina HiSeq 2500	SRP291706	PRJNA675510	3.0	675510	SRS7673688	SAMN16709211	simple	103690	Nostoc sp. PCC 7120 = FACHB-418	GSM4889407							no					GEO	SRA1156240		public	66538F43A9D0E068E4B70F1BF480CF7F	059D77673CE4A68A91066CAC3E86227D		
SRX9461466	SRR13010325	2021-01-20 15:01:19	2020-11-09 10:27:44	10590109	645996649	0	61	298		https://sra-downloadb.be-md.ncbi.nlm.nih.gov/sos3/sra-pub-zq-24/SRR013/13010/SRR13010325/SRR13010325.lite.1		RNA-Seq	cDNA	TRANSCRIPTOMIC	SINGLE	0	0	ILLUMINA	Illumina HiSeq 2500	SRP291706	PRJNA675510	3.0	675510	SRS7673689	SAMN16709210	simple	103690	Nostoc sp. PCC 7120 = FACHB-418	GSM4889408							no					GEO	SRA1156240		public	209F0896060A3E9A4B8DE3E7D6DBEC45	BC7D5D033B9DC05175E2C1EBF942A697		
SRX9461467	SRR13010326	2021-01-20 15:01:19	2020-11-09 10:27:38	11516478	702505158	0	61	325		https://sra-downloadb.be-md.ncbi.nlm.nih.gov/sos3/sra-pub-zq-24/SRR013/13010/SRR13010326/SRR13010326.lite.1		RNA-Seq	cDNA	TRANSCRIPTOMIC	SINGLE	0	0	ILLUMINA	Illumina HiSeq 2500	SRP291706	PRJNA675510	3.0	675510	SRS7673690	SAMN16709209	simple	103690	Nostoc sp. PCC 7120 = FACHB-418	GSM4889409							no					GEO	SRA1156240		public	5563A636A7494F5AB60882B8AECEBE91	80E4B69ADEC6E19967F5A2F366EF4F38		
SRX9461468	SRR13010327	2021-01-20 15:01:19	2020-11-09 10:28:51	14597144	890425784	0	61	412		https://sra-downloadb.be-md.ncbi.nlm.nih.gov/sos3/sra-pub-zq-24/SRR013/13010/SRR13010327/SRR13010327.lite.1		RNA-Seq	cDNA	TRANSCRIPTOMIC	SINGLE	0	0	ILLUMINA	Illumina HiSeq 2500	SRP291706	PRJNA675510	3.0	675510	SRS7673691	SAMN16709208	simple	103690	Nostoc sp. PCC 7120 = FACHB-418	GSM4889410							no					GEO	SRA1156240		public	F78607C6DD7B8CCF6C723FC97681DE9F	5622E32686AD2F016F2F9DFB13FA14A3		
SRX9461469	SRR13010328	2021-01-20 15:01:19	2020-11-09 10:27:41	11483853	700515033	0	61	323		https://sra-downloadb.be-md.ncbi.nlm.nih.gov/sos3/sra-pub-zq-24/SRR013/13010/SRR13010328/SRR13010328.lite.1		RNA-Seq	cDNA	TRANSCRIPTOMIC	SINGLE	0	0	ILLUMINA	Illumina HiSeq 2500	SRP291706	PRJNA675510	3.0	675510	SRS7673692	SAMN16709207	simple	103690	Nostoc sp. PCC 7120 = FACHB-418	GSM4889411							no					GEO	SRA1156240		public	EA80151792C0015DE02396453ACBC34D	395D48157823F73E647708536CD82585		
SRX9461470	SRR13010329	2021-01-20 15:01:19	2020-11-09 10:27:54	9669616	589846576	0	61	273		https://sra-downloadb.be-md.ncbi.nlm.nih.gov/sos3/sra-pub-zq-24/SRR013/13010/SRR13010329/SRR13010329.lite.1		RNA-Seq	cDNA	TRANSCRIPTOMIC	SINGLE	0	0	ILLUMINA	Illumina HiSeq 2500	SRP291706	PRJNA675510	3.0	675510	SRS7673693	SAMN16709206	simple	103690	Nostoc sp. PCC 7120 = FACHB-418	GSM4889412							no					GEO	SRA1156240		public	82718CE8CEBB5C63E4127EA67ECDCA11	8BBB561A790602DA9AD2380331EDCE05		
SRX9461471	SRR13010330	2021-01-20 15:01:19	2020-11-09 10:28:06	11437520	697688720	0	61	325		https://sra-downloadb.be-md.ncbi.nlm.nih.gov/sos3/sra-pub-zq-24/SRR013/13010/SRR13010330/SRR13010330.lite.1		RNA-Seq	cDNA	TRANSCRIPTOMIC	SINGLE	0	0	ILLUMINA	Illumina HiSeq 2500	SRP291706	PRJNA675510	3.0	675510	SRS7673694	SAMN16709205	simple	103690	Nostoc sp. PCC 7120 = FACHB-418	GSM4889413							no					GEO	SRA1156240		public	87631C6BA83DB9269EFA8354D7131DF2	354085BA4369075C225E2B419168A2F5		
SRX9461472	SRR13010331	2021-01-20 15:01:19	2020-11-09 10:27:57	10108459	616615999	0	61	289		https://sra-downloadb.be-md.ncbi.nlm.nih.gov/sos3/sra-pub-zq-24/SRR013/13010/SRR13010331/SRR13010331.lite.1		RNA-Seq	cDNA	TRANSCRIPTOMIC	SINGLE	0	0	ILLUMINA	Illumina HiSeq 2500	SRP291706	PRJNA675510	3.0	675510	SRS7673695	SAMN16709204	simple	103690	Nostoc sp. PCC 7120 = FACHB-418	GSM4889414							no					GEO	SRA1156240		public	812288B41D49B126BCF28CA3F67915E3	ABCC4FC9EFB0776F5D1FAE167E6B77F8		
SRX9461473	SRR13010332	2021-01-20 15:01:19	2020-11-09 10:28:05	9991564	609485404	0	61	283		https://sra-downloadb.be-md.ncbi.nlm.nih.gov/sos3/sra-pub-zq-24/SRR013/13010/SRR13010332/SRR13010332.lite.1		RNA-Seq	cDNA	TRANSCRIPTOMIC	SINGLE	0	0	ILLUMINA	Illumina HiSeq 2500	SRP291706	PRJNA675510	3.0	675510	SRS7673696	SAMN16709203	simple	103690	Nostoc sp. PCC 7120 = FACHB-418	GSM4889415							no					GEO	SRA1156240		public	184C205D7B172B09BA691C6E7BB469DA	F5D030B761B380D50CDF73A3EE6C880E		
SRX9461474	SRR13010333	2021-01-20 15:01:19	2020-11-09 10:28:12	11153928	680389608	0	61	314		https://sra-downloadb.be-md.ncbi.nlm.nih.gov/sos3/sra-pub-zq-24/SRR013/13010/SRR13010333/SRR13010333.lite.1		RNA-Seq	cDNA	TRANSCRIPTOMIC	SINGLE	0	0	ILLUMINA	Illumina HiSeq 2500	SRP291706	PRJNA675510	3.0	675510	SRS7673697	SAMN16709202	simple	103690	Nostoc sp. PCC 7120 = FACHB-418	GSM4889416							no					GEO	SRA1156240		public	36A203F8FB6331B0B427D9AAD5BFF765	7682F57AD5600A2CD77D91C76D757124		
SRX9461475	SRR13010334	2021-01-20 15:01:19	2020-11-09 10:28:08	10969084	669114124	0	61	308		https://sra-downloadb.be-md.ncbi.nlm.nih.gov/sos3/sra-pub-zq-22/SRR013/13010/SRR13010334/SRR13010334.lite.1		RNA-Seq	cDNA	TRANSCRIPTOMIC	SINGLE	0	0	ILLUMINA	Illumina HiSeq 2500	SRP291706	PRJNA675510	3.0	675510	SRS7673698	SAMN16709201	simple	103690	Nostoc sp. PCC 7120 = FACHB-418	GSM4889417							no					GEO	SRA1156240		public	B4F5E3EE0EEB0541D65AC7BFD5E2C9B5	076A33BFE824458B70D7D503B0751392		
SRX9461476	SRR13010335	2021-01-20 15:01:19	2020-11-09 10:28:37	12928220	788621420	0	61	363		https://sra-downloadb.be-md.ncbi.nlm.nih.gov/sos3/sra-pub-zq-22/SRR013/13010/SRR13010335/SRR13010335.lite.1		RNA-Seq	cDNA	TRANSCRIPTOMIC	SINGLE	0	0	ILLUMINA	Illumina HiSeq 2500	SRP291706	PRJNA675510	3.0	675510	SRS7673699	SAMN16709200	simple	103690	Nostoc sp. PCC 7120 = FACHB-418	GSM4889418							no					GEO	SRA1156240		public	9539720BF89EE06C9280C7466D62FF9A	75AC007B0B891E5C709D2611DFCC8F66		
SRX9461477	SRR13010336	2021-01-20 15:01:19	2020-11-09 10:28:59	12096587	737891807	0	61	338		https://sra-downloadb.be-md.ncbi.nlm.nih.gov/sos3/sra-pub-zq-24/SRR013/13010/SRR13010336/SRR13010336.lite.1		RNA-Seq	cDNA	TRANSCRIPTOMIC	SINGLE	0	0	ILLUMINA	Illumina HiSeq 2500	SRP291706	PRJNA675510	3.0	675510	SRS7673700	SAMN16709199	simple	103690	Nostoc sp. PCC 7120 = FACHB-418	GSM4889419							no					GEO	SRA1156240		public	7BB254EC57835C290735301B44E88AEF	9994AB26BF97DBA1F63177C34D69453E		
SRX9461478	SRR13010337	2021-01-20 15:01:19	2020-11-09 10:28:29	10907920	665383120	0	61	303		https://sra-downloadb.be-md.ncbi.nlm.nih.gov/sos3/sra-pub-zq-24/SRR013/13010/SRR13010337/SRR13010337.lite.1		RNA-Seq	cDNA	TRANSCRIPTOMIC	SINGLE	0	0	ILLUMINA	Illumina HiSeq 2500	SRP291706	PRJNA675510	3.0	675510	SRS7673701	SAMN16709198	simple	103690	Nostoc sp. PCC 7120 = FACHB-418	GSM4889420							no					GEO	SRA1156240		public	B82287F5F4648ADCB78E960DA34B4175	DC876E17D37071F10CE1377532CC42A1		
SRX9461479	SRR13010338	2021-01-20 15:01:19	2020-11-09 10:28:03	10229398	623993278	0	61	284		https://sra-downloadb.be-md.ncbi.nlm.nih.gov/sos3/sra-pub-zq-24/SRR013/13010/SRR13010338/SRR13010338.lite.1		RNA-Seq	cDNA	TRANSCRIPTOMIC	SINGLE	0	0	ILLUMINA	Illumina HiSeq 2500	SRP291706	PRJNA675510	3.0	675510	SRS7673702	SAMN16709197	simple	103690	Nostoc sp. PCC 7120 = FACHB-418	GSM4889421							no					GEO	SRA1156240		public	D5D36EDFC37C114A2D0B1A7C9FF49384	D2A0E2EFB7DFBCE3A7812E947A6E2687		
SRX9461480	SRR13010339	2021-01-20 15:01:19	2020-11-09 10:28:05	9677937	590354157	0	61	269		https://sra-downloadb.be-md.ncbi.nlm.nih.gov/sos3/sra-pub-zq-22/SRR013/13010/SRR13010339/SRR13010339.lite.1		RNA-Seq	cDNA	TRANSCRIPTOMIC	SINGLE	0	0	ILLUMINA	Illumina HiSeq 2500	SRP291706	PRJNA675510	3.0	675510	SRS7673703	SAMN16709213	simple	103690	Nostoc sp. PCC 7120 = FACHB-418	GSM4889422							no					GEO	SRA1156240		public	E8F21DAD005B9110249368CB97CDA8B2	3BA7868E31591721BFBD569568B04CD7		
SRX9461481	SRR13010340	2021-01-20 15:01:19	2020-11-09 10:28:00	9336357	569517777	0	61	260		https://sra-downloadb.be-md.ncbi.nlm.nih.gov/sos3/sra-pub-zq-24/SRR013/13010/SRR13010340/SRR13010340.lite.1		RNA-Seq	cDNA	TRANSCRIPTOMIC	SINGLE	0	0	ILLUMINA	Illumina HiSeq 2500	SRP291706	PRJNA675510	3.0	675510	SRS7673704	SAMN16709212	simple	103690	Nostoc sp. PCC 7120 = FACHB-418	GSM4889423							no					GEO	SRA1156240		public	6AD55EF6E5AE843C8436F41066015AFA	1ED386AD8A83D5CB07B5F8F76FEAA940		
